[
    {
        "country" : "Albanie",
        "capital" : "Tirana"
    },
    {
        "country" : "Allemagne",
        "capital" : "Berlin"
    },
    {
        "country" : "Andorre",
        "capital" : "Andorre-la-Vieille"
    },
    {
        "country" : "Autriche",
        "capital" : "Vienne"
    },
    {
        "country" : "Belgique",
        "capital" : "Bruxelles"
    },
    {
        "country" : "Biélorussie",
        "capital" : "Minsk"
    },
    {
        "country" : "Bosnie-Herzégovine",
        "capital" : "Sarajevo"
    },
    {
        "country" : "Bulgarie",
        "capital" : "Sofia"
    },
    {
        "country" : "Chypre",
        "capital" : "Nicosie"
    },
    {
        "country" : "Croatie",
        "capital" : "Zagreb"
    },
    {
        "country" : "Danemark",
        "capital" : "Copenhague"
    },
    {
        "country" : "Espagne",
        "capital" : "Madrid"
    },
    {
        "country" : "Estonie",
        "capital" : "Tallinn"
    },
    {
        "country" : "Finlande",
        "capital" : "Helsinki"
    },
    {
        "country" : "France",
        "capital" : "Paris"
    },
    {
        "country" : "Grèce",
        "capital" : "Athènes"
    },
    {
        "country" : "Hongrie",
        "capital" : "Budapest"
    },
    {
        "country" : "Irlande",
        "capital" : "Dublin"
    },
    {
        "country" : "Islande",
        "capital" : "Reykjavik"
    },
    {
        "country" : "Italie",
        "capital" : "Rome"
    },
    {
        "country" : "Kosovo",
        "capital" : "Pristina"
    },
    {
        "country" : "Lettonie",
        "capital" : "Riga"
    },
    {
        "country" : "Liechtenstein",
        "capital" : "Vaduz"
    },
    {
        "country" : "Lituanie",
        "capital" : "Vilnius"
    },
    {
        "country" : "Luxembourg",
        "capital" : "Luxembourg"
    },
    {
        "country" : "Macédoine",
        "capital" : "Skopje"
    },
    {
        "country" : "Malte",
        "capital" : "La Valette"
    },
    {
        "country" : "Moldavie",
        "capital" : "Chisinau"
    },
    {
        "country" : "Monaco",
        "capital" : "Monaco"
    },
    {
        "country" : "Monténégro",
        "capital" : "Podgorica"
    },
    {
        "country" : "Norvège",
        "capital" : "Oslo"
    },
    {
        "country" : "Pays-Bas",
        "capital" : "Amsterdam"
    },
    {
        "country" : "Pologne",
        "capital" : "Varsovie"
    },
    {
        "country" : "Portugal",
        "capital" : "Lisbonne"
    },
    {
        "country" : "République tchèque",
        "capital" : "Prague"
    },
    {
        "country" : "Roumanie",
        "capital" : "Bucarest"
    },
    {
        "country" : "Royaume-Uni",
        "capital" : "Londres"
    },
    {
        "country" : "Russie",
        "capital" : "Moscou"
    },
    {
        "country" : "Serbie",
        "capital" : "Belgrade"
    },
    {
        "country" : "Slovaquie",
        "capital" : "Bratislava"
    },
    {
        "country" : "Slovénie",
        "capital" : "Ljubljana"
    },
    {
        "country" : "Suisse",
        "capital" : "Berneuède "
    },
    {
        "country" : "Suède",
        "capital" : "Stockholm"
    },
    {
        "country" : "Ukraine",
        "capital" : "Kiev"
    },
    {
        "country" : "Vatican",
        "capital" : "Vatican"
    }
]